Customer Name,Website,Main Contact,Title,Address,Email Address,Phone,Marketing projects,Add Marketing project,# of Marketing projects
CMN,OnlineColleges.net,,,,,,19,https://donniedinh.quickbase.com/db/bkmbxb9j9?a=API_GenAddRecordForm&_fid_116=19&z=bgcj,56
CMN,AccreditedOnlineColleges.org,,,,,,17,https://donniedinh.quickbase.com/db/bkmbxb9j9?a=API_GenAddRecordForm&_fid_116=17&z=bgcj,6
CMN,OnlineSchools.org,,,,,,20,https://donniedinh.quickbase.com/db/bkmbxb9j9?a=API_GenAddRecordForm&_fid_116=20&z=bgcj,10
CMN,BestColleges.com,,,,,,21,https://donniedinh.quickbase.com/db/bkmbxb9j9?a=API_GenAddRecordForm&_fid_116=21&z=bgcj,35
CMN,Accounting.com,,,,,,22,https://donniedinh.quickbase.com/db/bkmbxb9j9?a=API_GenAddRecordForm&_fid_116=22&z=bgcj,7
CMN,RntoBsn.org,,,,,,23,https://donniedinh.quickbase.com/db/bkmbxb9j9?a=API_GenAddRecordForm&_fid_116=23&z=bgcj,3
CMN,MedicalAssistantCertification.org,,,,,,24,https://donniedinh.quickbase.com/db/bkmbxb9j9?a=API_GenAddRecordForm&_fid_116=24&z=bgcj,1
CMN,PublicHealth.org,,,,,,25,https://donniedinh.quickbase.com/db/bkmbxb9j9?a=API_GenAddRecordForm&_fid_116=25&z=bgcj,1
CMN,OnlineMBA,,,,,,26,https://donniedinh.quickbase.com/db/bkmbxb9j9?a=API_GenAddRecordForm&_fid_116=26&z=bgcj,1
CMN,Psychology.org,,,,,,27,https://donniedinh.quickbase.com/db/bkmbxb9j9?a=API_GenAddRecordForm&_fid_116=27&z=bgcj,1
CMN,CriminalJustice.com,,,,,,28,https://donniedinh.quickbase.com/db/bkmbxb9j9?a=API_GenAddRecordForm&_fid_116=28&z=bgcj,1
CMN,MedicalBillingandCoding.org,,,,,,29,https://donniedinh.quickbase.com/db/bkmbxb9j9?a=API_GenAddRecordForm&_fid_116=29&z=bgcj,1
